Find,Match
Research,Research
Forecasting,Forecasting
Problem solving,Problem solving
Data mining,Data mining
Data and metrics interpreting,Data and metrics interpreting
Reporting,Reporting
Organization,Organization
Diagnostics,Diagnostics
Troubleshooting,Troubleshooting
Creativity,Creativity
Theorizing,Theorizing
Brainstorming,Brainstorming
CRM,CRM
CMS Tools,CMS Tools
UX Design,UX Design
Data Visualization,Data Visualization
CMS Tools,CMS Tools
PPC,PPC
SEO,SEO
SEM,SEM
Social Media Marketing,Social Media Marketing
Video Production,Video Production
Audio Production,Audio Production
Sales Leadership,Sales Leadership
